# tag,a3-A4-python,total_cpu_ns,4336336332
stack_depth,cpu_ns,pct,samples
4,1001001,0.0231,1
6,5005005,0.1154,5
7,4004004,0.0923,4
8,5005005,0.1154,5
9,6006006,0.1385,6
10,2002002,0.0462,2
11,10010010,0.2308,10
12,6006006,0.1385,6
13,8008008,0.1847,8
14,8008008,0.1847,8
15,5005005,0.1154,5
16,6006006,0.1385,6
17,8008008,0.1847,8
18,6006006,0.1385,6
19,7007007,0.1616,7
20,4004004,0.0923,4
21,21021021,0.4848,21
22,21021021,0.4848,21
23,29029029,0.6694,29
24,63063063,1.4543,63
25,34034034,0.7849,34
26,86086086,1.9852,86
27,60060060,1.385,60
28,114114114,2.6316,114
29,88088088,2.0314,88
30,543543543,12.5346,543
31,211211211,4.8707,211
32,237237237,5.4709,237
33,231231231,5.3324,231
34,237237237,5.4709,237
35,201201201,4.6399,201
36,232232232,5.3555,232
37,174174174,4.0166,174
38,160160160,3.6934,160
39,84084084,1.9391,84
40,93093093,2.1468,93
41,149149149,3.4395,149
42,244244244,5.6325,244
43,90090090,2.0776,90
44,87087087,2.0083,87
45,67067067,1.5466,67
46,39039039,0.9003,39
47,57057057,1.3158,57
48,52052052,1.2004,52
49,13013013,0.3001,13
50,16016016,0.3693,16
51,15015015,0.3463,15
52,21021021,0.4848,21
53,26026026,0.6002,26
54,20020020,0.4617,20
55,38038038,0.8772,38
56,26026026,0.6002,26
57,26026026,0.6002,26
58,14014014,0.3232,14
59,42042042,0.9695,42
60,55055055,1.2696,55
61,40040040,0.9234,40
62,22022022,0.5078,22
63,18018018,0.4155,18
64,7007007,0.1616,7
65,17017017,0.3924,17
66,2002002,0.0462,2
67,3003003,0.0693,3
68,5005005,0.1154,5
69,10010010,0.2308,10
70,12012012,0.277,12
71,21021021,0.4848,21
72,5005005,0.1154,5
73,4004004,0.0923,4
74,13013013,0.3001,13
75,2002002,0.0462,2
76,7007007,0.1616,7
77,3003003,0.0693,3
78,1001001,0.0231,1
79,3003003,0.0693,3
80,30030030,0.6925,30
