# tag,a3-A1-rust,total_cpu_ns,2123123121
stack_depth,cpu_ns,pct,samples
8,2002002,0.0943,2
9,16016016,0.7544,16
10,1001001,0.0471,1
11,3003003,0.1414,3
12,3003003,0.1414,3
13,113113113,5.3277,113
14,57057057,2.6874,57
15,61061061,2.876,61
16,79079079,3.7247,79
17,132132132,6.2235,132
18,101101101,4.7619,101
19,116116116,5.4691,116
20,58058058,2.7346,58
21,71071071,3.3475,71
22,74074074,3.4889,74
23,57057057,2.6874,57
24,87087087,4.1018,87
25,67067067,3.1589,67
26,60060060,2.8289,60
27,73073073,3.4418,73
28,131131131,6.1763,131
29,89089089,4.1961,89
30,47047047,2.2159,47
31,53053053,2.4988,53
32,66066066,3.1117,66
33,60060060,2.8289,60
34,45045045,2.1216,45
35,24024024,1.1315,24
36,18018018,0.8487,18
37,25025025,1.1787,25
38,9009009,0.4243,9
39,23023023,1.0844,23
40,11011011,0.5186,11
41,24024024,1.1315,24
42,13013013,0.6129,13
43,2002002,0.0943,2
44,15015015,0.7072,15
45,5005005,0.2357,5
46,9009009,0.4243,9
47,7007007,0.33,7
48,7007007,0.33,7
49,12012012,0.5658,12
50,17017017,0.8015,17
51,2002002,0.0943,2
52,3003003,0.1414,3
53,1001001,0.0471,1
54,6006006,0.2829,6
55,5005005,0.2357,5
56,5005005,0.2357,5
57,3003003,0.1414,3
58,2002002,0.0943,2
59,10010010,0.4715,10
60,2002002,0.0943,2
61,3003003,0.1414,3
62,5005005,0.2357,5
63,3003003,0.1414,3
64,3003003,0.1414,3
65,20020020,0.943,20
66,8008008,0.3772,8
67,8008008,0.3772,8
68,13013013,0.6129,13
69,2002002,0.0943,2
70,10010010,0.4715,10
71,9009009,0.4243,9
72,5005005,0.2357,5
73,7007007,0.33,7
74,37037037,1.7445,37
77,1001001,0.0471,1
96,1001001,0.0471,1
102,1001001,0.0471,1
125,1001001,0.0471,1
128,2002002,0.0943,2
