lang,seg,point,op,input_label,input_bytes,tokens,iterations,samples,wall_s,mean_us,p50_us,p90_us,p99_us,min_us,max_us,stdev_us,ops_per_sec,bytes_per_op,allocs_per_op,alloc_bytes_per_op,notes,source_file
python,meta,1k,clock_overhead,empty-loop,0,0,35264712,101922,3.003,0.085,0.080,0.101,0.160,0.069,14.898,0.103,11743824.2,0.0,,,perf_counter_ns 的单次开销（比较 <1µs 的操作前先看这行）,python_d1_1k.csv
python,meta,1k,clock_overhead,empty-loop,0,0,35442560,105484,3.001,0.087,0.080,0.101,0.180,0.069,12.283,0.102,11811104.7,0.0,,,perf_counter_ns 的单次开销（比较 <1µs 的操作前先看这行）,python_d2_1k.csv
python,meta,1k,clock_overhead,empty-loop,0,0,31202808,90182,3.001,0.103,0.100,0.120,0.201,0.070,10.099,0.101,10396398.7,0.0,,,perf_counter_ns 的单次开销（比较 <1µs 的操作前先看这行）,python_d3_1k.csv
python,p2_json,1k,json.loads,1k,5326,1,1197812,400000,30.002,12.158,11.621,11.982,21.669,11.311,140.661,2.238,39924.0,5326.0,,,无类型解析，标准库 C 加速 json（vLLM 侧另有 pydantic/msgspec 校验层，未测）,python_d1_1k.csv
python,p2_json,1k,orjson.loads,1k,5326,1,3344540,400000,30.002,4.628,4.458,4.549,7.955,4.347,89.297,0.971,111476.1,5326.0,,,Rust 实现的 Python JSON 解析器：Python 侧上界（非 vLLM 依赖，参考用）,python_d1_1k.csv
python,p3_template,1k,jinja2_render,1k,5326,5603,1143152,400000,30.001,26.246,25.066,27.470,45.224,24.215,203.207,4.105,38103.4,5603.0,,,编译一次后每请求 render（上下文是上面的 dict 组装，一并计入）,python_d2_1k.csv
python,p6_msgpack,1k,msgpack_packb,1k,3729,0,310880,310880,30.008,23.472,22.461,25.687,36.738,21.960,122.588,3.300,10359.8,3729.0,,,通用 C 扩展 msgpack（纯基线，vLLM 不用它）；输入是 20 元素 list,python_d3_1k.csv
python,p6_msgpack,1k,msgspec_encode,1k,3535,1024,2059580,400000,30.008,3.374,3.175,3.375,6.162,3.026,80.078,0.907,68633.5,3535.0,,,msgspec.msgpack + array_like + omit_defaults（vLLM 前端真实路径）,python_d3_1k.csv
python,p7_msgpack,1k,msgspec_decode_python_payload,1k,3535,1024,567356,400000,30.008,13.043,12.393,14.107,22.672,11.151,149.058,2.456,18906.6,3535.0,,,解码 msgspec 自己编码的稀疏字节,python_d3_1k.csv
python,p7_msgpack,1k,msgspec_decode_rust_payload,1k,3528,3528,629532,400000,30.008,12.952,12.383,13.255,21.270,11.221,251.037,2.235,20978.6,3528.0,,,解码 Rust rmp-serde 的全量 map 字节（engine core 侧真实收包路径）,python_d3_1k.csv
rust,meta,1k,clock_overhead,empty-loop,0,0,1968987504,200000,3.001,0.021,0.020,0.021,0.030,0.019,7.323,0.032,656105041.9,0.0,,,Instant::now()+elapsed 的单次开销（比较 <1µs 的操作前先看这行）,rust_d1_1k.csv
rust,meta,1k,clock_overhead,empty-loop,0,0,1959618520,200000,3.001,0.021,0.020,0.030,0.030,0.019,5.800,0.020,653000553.5,0.0,,,Instant::now()+elapsed 的单次开销（比较 <1µs 的操作前先看这行）,rust_d2_1k.csv
rust,meta,1k,clock_overhead,empty-loop,0,0,1934012336,200000,3.002,0.022,0.020,0.030,0.030,0.019,9.027,0.039,644154733.4,0.0,,,Instant::now()+elapsed 的单次开销（比较 <1µs 的操作前先看这行）,rust_d3_1k.csv
rust,p2_json,1k,serde_json::Value,1k,5326,0,2209936,400000,30.004,6.657,6.502,6.652,10.420,6.162,151.312,0.958,73655.7,5326.0,112.00,19931.00,无类型解析，对应 Python json.loads 的口径; allocs/op=56000.0 alloc_bytes/op=9965500 reallocs/op=3500.0; 计数分配器：每次操作的堆分配（realloc 增长按增量记）,rust_d1_1k.csv
rust,p2_json,1k,serde_json::from_slice::<ChatRequest>,1k,5326,0,2896808,400000,30.004,5.295,5.169,5.290,8.566,4.889,74.819,0.831,96548.7,5326.0,74.00,16421.00,强类型解析（产品路径），含字段类型转换; allocs/op=37000.0 alloc_bytes/op=8210500 reallocs/op=2500.0; 计数分配器：每次操作的堆分配（realloc 增长按增量记）,rust_d1_1k.csv
rust,p3_template,1k,context_build,1k,5326,4401,7769520,400000,30.003,2.002,1.954,2.034,2.965,1.783,60.373,0.432,258959.9,3.0,90.00,11052.00,ChatRequest → 模板上下文（messages/tools → minijinja Value），上游每请求一次; allocs/op=45000.0 alloc_bytes/op=5526000 reallocs/op=0.0; 计数分配器：每次操作的堆分配（realloc 增长按增量记）,rust_d2_1k.csv
rust,p3_template,1k,minijinja_render,1k,5326,5603,1114416,400000,30.003,13.208,12.934,13.225,19.627,12.412,109.223,1.435,37143.7,5603.0,248.00,63201.00,编译一次后每请求 render（HF tojson + pycompat）; allocs/op=49600.0 alloc_bytes/op=12640200 reallocs/op=2600.0; 计数分配器：每次操作的堆分配（realloc 增长按增量记）,rust_d2_1k.csv
rust,p6_msgpack,1k,rmp_serde_encode,1k,3528,1024,2358048,393008,30.004,4.245,4.137,4.168,6.531,4.046,91.380,0.746,78591.8,3528.0,10.00,5632.00,serde_tuple 20 元素数组 + 非 omit_defaults（Rust 侧真实线上字节）; allocs/op=3000.0 alloc_bytes/op=1689600 reallocs/op=2700.0; 计数分配器：每次操作的堆分配（realloc 增长按增量记）,rust_d3_1k.csv
rust,p7_msgpack,1k,rmp_serde_decode_python_payload,1k,3535,2,1958544,391709,30.004,5.155,5.038,5.209,7.985,4.519,87.593,0.826,65276.6,3535.0,5.00,4196.00,解码 Python msgspec omit_defaults 的稀疏字节（Rust 真实收包路径）; allocs/op=1500.0 alloc_bytes/op=1258800 reallocs/op=0.0; 计数分配器：每次操作的堆分配（realloc 增长按增量记）,rust_d3_1k.csv
rust,p7_msgpack,1k,rmp_serde_decode_rust_payload,1k,3528,1024,1929312,400000,30.004,5.145,5.019,5.189,8.085,4.529,1839.121,3.024,64302.3,3528.0,5.00,4196.00,解码 Rust 自己编码的全量 map 字节; allocs/op=1500.0 alloc_bytes/op=1258800 reallocs/op=0.0; 计数分配器：每次操作的堆分配（realloc 增长按增量记）,rust_d3_1k.csv
python,meta,8k,clock_overhead,empty-loop,0,0,35377784,90250,3.002,0.085,0.080,0.100,0.160,0.069,11.291,0.075,11784099.2,0.0,,,perf_counter_ns 的单次开销（比较 <1µs 的操作前先看这行）,python_d1_8k.csv
python,meta,8k,clock_overhead,empty-loop,0,0,36440872,107496,3.005,0.084,0.080,0.091,0.171,0.069,14.738,0.099,12127139.9,0.0,,,perf_counter_ns 的单次开销（比较 <1µs 的操作前先看这行）,python_d2_8k.csv
python,meta,8k,clock_overhead,empty-loop,0,0,36460760,105075,3.006,0.084,0.080,0.100,0.171,0.069,24.837,0.107,12129664.4,0.0,,,perf_counter_ns 的单次开销（比较 <1µs 的操作前先看这行）,python_d3_8k.csv
python,p2_json,8k,json.loads,8k,37371,1,263808,263808,30.008,56.257,53.199,62.186,99.616,51.616,173.512,9.046,8791.4,37371.0,,,无类型解析，标准库 C 加速 json（vLLM 侧另有 pydantic/msgspec 校验层，未测）,python_d1_8k.csv
python,p2_json,8k,orjson.loads,8k,37371,1,615552,400000,30.008,24.337,23.133,25.467,41.366,22.813,122.608,3.959,20513.2,37371.0,,,Rust 实现的 Python JSON 解析器：Python 侧上界（非 vLLM 依赖，参考用）,python_d1_8k.csv
python,p3_template,8k,jinja2_render,8k,37371,37388,683468,400000,30.000,43.962,41.156,50.264,79.468,39.474,279.170,8.077,22782.1,37388.0,,,编译一次后每请求 render（上下文是上面的 dict 组装，一并计入）,python_d2_8k.csv
python,p6_msgpack,8k,msgpack_packb,8k,26724,0,41640,41640,30.016,179.148,170.297,198.369,273.829,161.551,364.839,22.660,1387.3,26724.0,,,通用 C 扩展 msgpack（纯基线，vLLM 不用它）；输入是 20 元素 list,python_d3_8k.csv
python,p6_msgpack,8k,msgspec_encode,8k,26530,8192,333120,333120,30.016,22.470,20.679,28.423,41.478,19.988,415.814,5.193,11098.0,26530.0,,,msgspec.msgpack + array_like + omit_defaults（vLLM 前端真实路径）,python_d3_8k.csv
python,p7_msgpack,8k,msgspec_decode_python_payload,8k,26530,8192,69400,69400,30.016,102.989,95.718,124.522,169.765,84.557,357.574,17.833,2312.1,26530.0,,,解码 msgspec 自己编码的稀疏字节,python_d3_8k.csv
python,p7_msgpack,8k,msgspec_decode_rust_payload,8k,26523,26523,76340,76340,30.016,101.356,95.739,116.546,157.804,85.570,298.595,14.230,2543.3,26523.0,,,解码 Rust rmp-serde 的全量 map 字节（engine core 侧真实收包路径）,python_d3_8k.csv
rust,meta,8k,clock_overhead,empty-loop,0,0,1928112720,200000,3.002,0.022,0.020,0.030,0.030,0.019,7.143,0.038,642342294.9,0.0,,,Instant::now()+elapsed 的单次开销（比较 <1µs 的操作前先看这行）,rust_d1_8k.csv
rust,meta,8k,clock_overhead,empty-loop,0,0,1986892416,200000,3.000,0.021,0.020,0.030,0.030,0.019,8.015,0.028,662291065.2,0.0,,,Instant::now()+elapsed 的单次开销（比较 <1µs 的操作前先看这行）,rust_d2_8k.csv
rust,meta,8k,clock_overhead,empty-loop,0,0,1919428304,200000,3.001,0.021,0.020,0.030,0.031,0.019,7.473,0.023,639694551.3,0.0,,,Instant::now()+elapsed 的单次开销（比较 <1µs 的操作前先看这行）,rust_d3_8k.csv
rust,p2_json,8k,serde_json::Value,8k,37371,0,729984,400000,30.000,20.073,19.226,19.986,33.303,18.745,101.289,3.011,24332.8,37371.0,115.00,94500.00,无类型解析，对应 Python json.loads 的口径; allocs/op=57500.0 alloc_bytes/op=47250000 reallocs/op=5000.0; 计数分配器：每次操作的堆分配（realloc 增长按增量记）,rust_d1_8k.csv
rust,p2_json,8k,serde_json::from_slice::<ChatRequest>,8k,37371,0,821232,400000,30.000,18.657,17.783,18.995,31.659,17.322,109.664,3.006,27374.4,37371.0,77.00,90990.00,强类型解析（产品路径），含字段类型转换; allocs/op=38500.0 alloc_bytes/op=45495000 reallocs/op=4000.0; 计数分配器：每次操作的堆分配（realloc 增长按增量记）,rust_d1_8k.csv
rust,p3_template,8k,context_build,8k,37371,36186,5914728,400000,30.001,2.613,2.544,2.645,3.777,2.354,90.188,0.580,197150.3,3.0,90.00,42837.00,ChatRequest → 模板上下文（messages/tools → minijinja Value），上游每请求一次; allocs/op=45000.0 alloc_bytes/op=21418500 reallocs/op=0.0; 计数分配器：每次操作的堆分配（realloc 增长按增量记）,rust_d2_8k.csv
rust,p3_template,8k,minijinja_render,8k,37371,37388,825660,400000,30.001,17.735,16.902,18.625,30.646,16.111,128.940,3.007,27521.0,37388.0,248.00,349262.00,编译一次后每请求 render（HF tojson + pycompat）; allocs/op=49600.0 alloc_bytes/op=69852400 reallocs/op=2600.0; 计数分配器：每次操作的堆分配（realloc 增长按增量记）,rust_d2_8k.csv
rust,p6_msgpack,8k,rmp_serde_encode,8k,26523,8192,314112,314112,30.008,31.983,31.017,34.495,46.155,30.546,141.723,3.203,10467.6,26523.0,13.00,45056.00,serde_tuple 20 元素数组 + 非 omit_defaults（Rust 侧真实线上字节）; allocs/op=3900.0 alloc_bytes/op=13516800 reallocs/op=3600.0; 计数分配器：每次操作的堆分配（realloc 增长按增量记）,rust_d3_8k.csv
rust,p7_msgpack,8k,rmp_serde_decode_python_payload,8k,26530,2,245400,245400,30.008,39.787,38.592,43.240,56.484,34.845,322.199,3.914,8177.8,26530.0,5.00,32868.00,解码 Python msgspec omit_defaults 的稀疏字节（Rust 真实收包路径）; allocs/op=1500.0 alloc_bytes/op=9860400 reallocs/op=0.0; 计数分配器：每次操作的堆分配（realloc 增长按增量记）,rust_d3_8k.csv
rust,p7_msgpack,8k,rmp_serde_decode_rust_payload,8k,26523,8192,255216,255216,30.008,39.797,38.571,43.220,56.535,35.516,136.544,3.941,8505.0,26523.0,5.00,32868.00,解码 Rust 自己编码的全量 map 字节; allocs/op=1500.0 alloc_bytes/op=9860400 reallocs/op=0.0; 计数分配器：每次操作的堆分配（realloc 增长按增量记）,rust_d3_8k.csv
python,meta,osl128,clock_overhead,empty-loop,0,0,36119712,84988,3.009,0.085,0.080,0.101,0.171,0.069,12.282,0.083,12005296.9,0.0,,,perf_counter_ns 的单次开销（比较 <1µs 的操作前先看这行）,python_d4_osl128.csv
python,p10_serialize,osl128,json.dumps_response,nonstream_body,855,0,1774800,400000,30.009,4.624,4.358,4.629,8.065,4.027,62.075,1.163,59141.9,855.0,,,"标准库 json.dumps(separators=(',',':'))，对应 Rust 侧 serde_json_response",python_d4_osl128.csv
python,p10_serialize,osl128,json.dumps_sse_frame,finish_chunk,162,0,3249856,400000,30.009,2.453,2.314,2.465,4.118,2.144,57.747,0.698,108295.4,170.0,,,单个 SSE 帧（json.dumps + `data: ...\n\n` 组帧，不写 socket）,python_d4_osl128.csv
python,p10_serialize,osl128,orjson.dumps_response,nonstream_body,855,0,17180064,400000,30.009,0.381,0.351,0.420,0.692,0.300,28.173,0.253,572493.5,855.0,,,Rust 实现的 Python JSON 序列化器：Python 侧上界（非 vLLM 依赖）,python_d4_osl128.csv
python,p10_sse,osl128,asyncio_write_frame_tcp,finish_chunk,162,0,758940,54210,30.012,39.309,38.771,60.683,85.870,11.371,153.205,16.987,25288.0,170.0,,,一个 SSE 帧写 loopback TCP（asyncio write+drain，含事件循环调度）,python_d4_osl128.csv
python,p10_sse,osl128,stream_request_local,osl_129_chunks,23834,129,23664,23664,30.009,328.585,317.160,356.032,532.210,294.228,642.226,43.463,788.6,23834.0,,,一次完整流式请求的 129 帧序列化+组帧（内存缓冲，不含 socket 写）,python_d4_osl128.csv
rust,meta,osl128,clock_overhead,empty-loop,0,0,1941863364,200000,3.000,0.022,0.020,0.030,0.031,0.019,10.210,0.038,647216516.7,0.0,,,Instant::now()+elapsed 的单次开销（比较 <1µs 的操作前先看这行）,rust_d4_osl128.csv
rust,p10_serialize,osl128,serde_json_response,nonstream_body,855,0,17092192,400000,30.009,0.579,0.541,0.581,1.092,0.500,31.439,0.266,569569.7,855.0,4.00,1092.00,非流式响应体整体序列化（强类型结构体）; allocs/op=2000.0 alloc_bytes/op=546000 reallocs/op=1500.0; 计数分配器：每次操作的堆分配（realloc 增长按增量记）,rust_d4_osl128.csv
rust,p10_serialize,osl128,serde_json_sse_frame,finish_chunk,162,0,57945836,400000,30.009,0.186,0.180,0.201,0.321,0.149,40.354,0.162,1930951.4,170.0,3.00,426.00,单个 SSE 帧（序列化 + `data: ...\n\n` 组帧，不写 socket）; allocs/op=1500.0 alloc_bytes/op=213000 reallocs/op=500.0; 计数分配器：每次操作的堆分配（realloc 增长按增量记）,rust_d4_osl128.csv
rust,p10_sse,osl128,stream_request_local,osl_129_chunks,23834,129,436748,400000,30.009,24.857,23.263,29.285,40.315,21.069,672.781,4.279,14553.9,23834.0,258.00,33024.00,一次完整流式请求的 129 帧序列化+组帧（内存缓冲，不含 socket 写）; allocs/op=12900.0 alloc_bytes/op=1651200 reallocs/op=6450.0; 计数分配器：每次操作的堆分配（realloc 增长按增量记）,rust_d4_osl128.csv
rust,p10_sse,osl128,write_frame_tcp,finish_chunk,162,0,8304128,400000,30.001,3.646,3.277,4.839,7.865,0.411,92.812,1.255,276794.9,170.0,,,一个 SSE 帧写 loopback TCP（阻塞 write_all；hyper/tokio 会另加一层）,rust_d4_osl128.csv
rust,meta,render_1k,clock_overhead,empty-loop,0,0,1960097304,200000,3.002,0.022,0.020,0.030,0.031,0.019,21.940,0.054,652948866.9,0.0,,,Instant::now()+elapsed 的单次开销（比较 <1µs 的操作前先看这行）,rust_d6_render_1k.csv
rust,p4_tokenize,render_1k,fastokens_build_pre_tokenized,rust_render_1k.txt,5603,989,2549040,400000,30.011,4.079,3.877,3.978,7.434,3.737,1560.072,2.661,84938.0,20.0,9.00,6883.00,只做 build_pre_tokenized（normalizer + added-token 切分），不含正则; allocs/op=1800.0 alloc_bytes/op=1376600 reallocs/op=1200.0; 计数分配器：每次操作的堆分配（realloc 增长按增量记）,rust_d6_render_1k.csv
rust,p4_tokenize,render_1k,fastokens_encode_full,rust_render_1k.txt,5603,1291,128440,128440,30.011,75.482,71.263,88.314,122.137,58.769,4373.425,25.696,4279.8,5603.0,56.02,147569.40,fastokens 全量 encode（预分词 + BPE）；供与 tokenizer 项目结论对齐; allocs/op=2801.0 alloc_bytes/op=7378470 reallocs/op=550.0; 计数分配器：每次操作的堆分配（realloc 增长按增量记）,rust_d6_render_1k.csv
rust,p4_tokenize,render_1k,fastokens_pretokenize,rust_render_1k.txt,5603,989,187720,187720,30.011,53.078,50.564,59.010,86.240,48.410,243.232,7.064,6255.1,5603.0,44.00,164575.00,fastokens 预分词（normalizer + added token + PCRE2 JIT 正则切分）；多线程口径; allocs/op=8800.0 alloc_bytes/op=32915000 reallocs/op=2200.0; 计数分配器：每次操作的堆分配（realloc 增长按增量记）,rust_d6_render_1k.csv
rust,meta,render_8k,clock_overhead,empty-loop,0,0,1932309528,200000,3.001,0.022,0.020,0.030,0.031,0.019,7.884,0.033,643820705.0,0.0,,,Instant::now()+elapsed 的单次开销（比较 <1µs 的操作前先看这行）,rust_d6_render_8k.csv
rust,p4_tokenize,render_8k,fastokens_build_pre_tokenized,rust_render_8k.txt,37388,6059,385108,385108,30.010,23.683,22.190,26.138,42.540,21.781,248.492,4.685,12832.7,20.0,9.00,38668.00,只做 build_pre_tokenized（normalizer + added-token 切分），不含正则; allocs/op=1800.0 alloc_bytes/op=7733600 reallocs/op=1200.0; 计数分配器：每次操作的堆分配（realloc 增长按增量记）,rust_d6_render_8k.csv
rust,p4_tokenize,render_8k,fastokens_encode_full,rust_render_8k.txt,37388,8441,26868,26868,30.010,356.879,350.793,421.585,531.788,224.668,3898.360,79.999,895.3,37388.0,81.04,1180302.80,fastokens 全量 encode（预分词 + BPE）；供与 tokenizer 项目结论对齐; allocs/op=4052.0 alloc_bytes/op=59015140 reallocs/op=850.0; 计数分配器：每次操作的堆分配（realloc 增长按增量记）,rust_d6_render_8k.csv
rust,p4_tokenize,render_8k,fastokens_pretokenize,rust_render_8k.txt,37388,6059,35824,35824,30.010,314.672,311.209,370.318,461.378,215.180,6627.877,63.474,1193.7,37388.0,69.02,1293110.80,fastokens 预分词（normalizer + added token + PCRE2 JIT 正则切分）；多线程口径; allocs/op=13803.0 alloc_bytes/op=258622160 reallocs/op=3400.0; 计数分配器：每次操作的堆分配（realloc 增长按增量记）,rust_d6_render_8k.csv
