# tag,B1n,total_cpu_ns,15179179164
stack_depth,cpu_ns,pct,samples
2,7297297290,48.0744,7290
3,5622622617,37.0417,5617
4,791791791,5.2163,791
5,1119119118,7.3727,1118
6,225225225,1.4838,225
7,14014014,0.0923,14
8,8008008,0.0528,8
9,42042042,0.277,42
10,5005005,0.033,5
11,6006006,0.0396,6
12,2002002,0.0132,2
13,4004004,0.0264,4
14,3003003,0.0198,3
15,4004004,0.0264,4
16,5005005,0.033,5
17,4004004,0.0264,4
18,1001001,0.0066,1
19,1001001,0.0066,1
21,1001001,0.0066,1
128,23023023,0.1517,23
