# tag,B2,total_cpu_ns,22232232210
stack_depth,cpu_ns,pct,samples
2,12295295283,55.3039,12283
3,4932932928,22.1882,4928
4,511511511,2.3008,511
5,3500500497,15.7452,3497
6,92092092,0.4142,92
7,26026026,0.1171,26
8,336336336,1.5128,336
9,15015015,0.0675,15
10,3003003,0.0135,3
11,2002002,0.009,2
12,3003003,0.0135,3
13,4004004,0.018,4
14,3003003,0.0135,3
15,2002002,0.009,2
17,3003003,0.0135,3
21,1001001,0.0045,1
54,1001001,0.0045,1
66,1001001,0.0045,1
114,1001001,0.0045,1
123,1001001,0.0045,1
128,497497497,2.2377,497
