frame,kind,const_ns,per_isl_token_ns,per_osl_token_ns,B1n_ns_per_req,B2_ns_per_req,B3_ns_per_req,B1_ns_per_req,B4_ns_per_req,B1n_self_pct,B2_self_pct,B3_self_pct,B1_self_pct,B4_self_pct
[libc.so.6],ISL+OSL,11752.8,8.022,910.179,136622.4,92182.8,486131.0,143557.9,114373.5,15.075,9.316,19.239,15.201,16.869
[perf-3639361.map]_[j],ISL 驱动,-914.3,22.126,-3.194,21754.4,180712.2,20527.9,27450.2,22801.3,2.4,18.262,0.812,2.907,3.363
std::thread::local::LocalKey<T>::with,ISL+OSL,14063.0,19.084,20.378,36576.1,171088.4,44401.1,39823.8,22095.8,4.036,17.29,1.757,4.217,3.259
pcre2::bytes::Regex::find_at,ISL+OSL,-2801.4,10.216,3.073,8247.5,81133.3,9427.6,9490.4,8099.0,0.91,8.199,0.373,1.005,1.195
_mi_page_malloc_zero,ISL+OSL,12184.8,0.932,169.426,34842.9,22544.5,99902.4,34838.3,35076.8,3.845,2.278,3.954,3.689,5.174
futures_util::stream::stream::StreamExt::poll_next_unpin,OSL 驱动,5603.4,-0.285,221.881,33707.4,6816.8,118909.7,37961.8,25679.7,3.719,0.689,4.706,4.02,3.788
pcre2_match_8,ISL 驱动,-1688.8,4.981,-0.315,3466.4,39207.8,3345.3,3904.3,3696.8,0.382,3.962,0.132,0.413,0.545
"<core::iter::adapters::map::Map<I,F> as core::iter::traits::iterator::Iterator>::try_fold",OSL 驱动,11335.4,-0.986,148.261,29284.8,5613.8,86217.2,25948.5,22011.2,3.231,0.567,3.412,2.748,3.246
"rmp_serde::decode::Deserializer<R,C>::any_inner",OSL 驱动,7982.6,-0.723,148.039,26177.0,4410.9,83023.9,24266.7,13432.5,2.888,0.446,3.286,2.569,1.981
vllm_tokenizer::byte_level_decode::decode_byte_level,OSL 驱动,5588.3,-0.332,133.208,22292.3,4990.1,73444.2,19821.8,16649.5,2.46,0.504,2.907,2.099,2.456
mi_free,ISL+OSL,5629.1,0.058,122.235,21336.0,8064.3,68274.3,23666.0,19245.7,2.354,0.815,2.702,2.506,2.839
rmp::encode::uint::write_uint,ISL+OSL,5795.4,2.14,1.249,8187.8,23391.0,8667.3,8169.0,7703.9,0.903,2.364,0.343,0.865,1.136
pcre2_jit_match_8,ISL 驱动,-651.2,2.924,-0.526,2330.8,23346.4,2128.8,3183.5,3386.3,0.257,2.359,0.084,0.337,0.499
serde_core::ser::SerializeMap::serialize_entry,ISL+OSL,-3.8,0.081,103.492,13327.6,2316.8,53068.4,14596.1,11146.7,1.471,0.234,2.1,1.546,1.644
<S as futures_core::stream::TryStream>::try_poll_next,OSL 驱动,2328.8,-0.059,90.607,13865.4,3297.0,48658.7,13334.7,11231.3,1.53,0.333,1.926,1.412,1.657
fastokens::pre_tokenizers::split::Split::find_matches_pcre2_parallel,ISL 驱动,-2671.0,2.561,0.0,0,18356.4,0,0,0,0.0,1.855,0.0,0.0,0.0
serde_json::ser::format_escaped_str_contents,OSL 驱动,2352.9,-0.166,80.087,12431.1,2272.3,43184.6,11352.5,9368.9,1.372,0.23,1.709,1.202,1.382
"pcre2::pool::inner::Pool<T,F>::get_slow",ISL 驱动,450.7,1.805,-1.883,2091.8,15237.6,1368.5,2282.5,2342.2,0.231,1.54,0.054,0.242,0.345
[[vdso]]_[k],OSL 驱动,1327.7,-0.024,68.734,10100.3,2227.7,36494.0,9971.0,9114.9,1.114,0.225,1.444,1.056,1.344
"<asynk_strim::stream::AsynkStrim<F,Fut,Yieldr,Item> as futures_core::stream::Stream>::poll_next",OSL 驱动,1897.9,-0.064,67.404,10458.8,2450.5,36342.0,12073.3,9227.8,1.154,0.248,1.438,1.278,1.361
mi_theap_malloc_aligned,OSL 驱动,3931.2,-0.027,63.357,12012.7,4722.8,36342.0,12433.7,9086.7,1.326,0.477,1.438,1.317,1.34
core::hash::BuildHasher::hash_one,OSL 驱动,1974.5,-0.075,65.495,10279.5,2405.9,35429.6,10751.8,8042.5,1.134,0.243,1.402,1.138,1.186
icu_normalizer::ComposingNormalizerBorrowed::normalize,ISL+OSL,-119.8,1.678,1.271,1792.9,13678.2,2280.9,2823.1,2088.2,0.198,1.382,0.09,0.299,0.308
fastokens::pre_tokenizers::split::find_matches_pcre2,ISL 驱动,239.4,1.417,-1.275,1553.9,11851.4,1064.4,2763.0,1495.6,0.171,1.198,0.042,0.293,0.221
vllm_engine_core_client::client::imp::run_output_dispatcher_loop::{{closure}},OSL 驱动,995.7,-0.103,54.693,7889.0,1024.7,28891.1,7568.3,5982.5,0.87,0.104,1.143,0.801,0.882
<&mut A as serde_core::de::SeqAccess>::next_element,OSL 驱动,355.1,-0.038,47.496,6394.8,802.0,24633.5,6847.5,4289.4,0.706,0.081,0.975,0.725,0.633
fastokens::pre_tokenizers::split::Split::pre_tokenize,ISL 驱动,1576.7,0.961,-1.474,2390.6,9445.5,1824.7,2282.5,2229.3,0.264,0.955,0.072,0.242,0.329
mi_theap_umalloc,OSL 驱动,3158.4,-0.066,37.029,7829.2,3207.9,22048.5,6787.5,6405.8,0.864,0.324,0.873,0.719,0.945
