segment,kind,const_ns,per_isl_token_ns,per_osl_token_ns,B1n_ns_per_req,B2_ns_per_req,B3_ns_per_req,B1_ns_per_req,B4_ns_per_req
X-copy,ISL+OSL,11752.8,8.0218,910.1786,136622.4,92182.8,486131.0,143557.9,114458.2
X-alloc,OSL 驱动,54037.4,0.0053,643.7512,136443.1,64380.9,383643.6,133947.3,112172.4
X-runtime,OSL 驱动,33415.9,-1.0554,747.6651,128016.2,36712.7,415119.7,131244.4,87423.9
P7,OSL 驱动,17124.0,-1.252,388.157,65502.2,13054.4,214554.5,64330.8,36092.7
P4,ISL+OSL,-5254.2,50.8862,11.1416,49246.2,412750.8,53524.6,62048.2,51077.2
X-rust,ISL+OSL,25268.7,0.21,259.385,58689.1,31143.4,158292.9,58624.5,41567.3
P1,OSL 驱动,42672.4,-0.6099,168.8539,63649.5,40366.2,128489.4,56462.1,44473.9
X-tls,ISL+OSL,14063.0,19.0841,20.3776,36576.1,171088.4,44401.1,39823.8,22095.8
P10,OSL 驱动,4585.4,-0.2687,202.1568,30181.2,5613.8,107809.5,30573.6,23647.9
P9,OSL 驱动,7203.7,-0.3782,75.2034,16435.3,5302.0,45313.4,26369.0,10751.6
X-hash,OSL 驱动,7177.2,-0.2656,124.9201,22889.9,6995.0,70859.3,24086.5,15351.4
P8,OSL 驱动,5774.0,-0.2306,158.4764,25818.4,6415.8,86673.3,23966.4,20120.5
X-serde,OSL 驱动,4323.7,-0.2328,113.7952,18646.6,4232.7,62344.0,19641.6,11711.1
X-log,ISL+OSL,4003.2,0.233,98.0287,16793.9,7485.1,54436.9,17239.0,14617.7
P2,ISL+OSL,11693.3,0.1347,27.0784,15299.8,13232.6,25697.9,16878.6,11626.4
P3,常数级,14835.7,-0.2266,-0.5973,14522.9,12965.3,14293.5,15617.2,9340.6
X-str,OSL 驱动,4963.4,-0.17,52.7229,11534.6,4410.9,31780.2,15316.8,7788.6
X-bytes,OSL 驱动,4876.0,-0.2257,44.9885,10399.1,3742.6,27674.6,11772.9,6236.5
P6,ISL 驱动,9747.7,2.1993,-3.0263,11654.1,27757.3,10492.0,11232.4,11118.5
X-kernel,ISL+OSL,1008.6,0.1361,73.1881,10518.6,3297.0,38622.9,11112.2,9566.4
X-metrics,OSL 驱动,3345.3,-0.0279,64.2065,11534.6,4143.5,36189.9,9610.6,8832.7
X-unclassified,ISL+OSL,7157.6,0.2109,23.6052,10399.1,9267.3,19463.5,8949.8,4938.4
X-park,ISL+OSL,1099.3,1.1902,5.526,3048.0,10960.4,5170.0,8769.6,1806.0
X-unknown,ISL+OSL,230.4,0.0576,8.9362,1434.4,846.5,4865.9,2342.6,790.1
P5,ISL+OSL,118.6,0.1296,1.2865,418.4,1203.0,912.4,901.0,395.1
